Canape	Q1032806
sambal	Q1056554
Lunch	Q12896105
tapenade	Q129031
blueberry	Q60708120
Raspberry	Q13179
Coconut	Q3342808
Mozzarella	Q14088
Wrap	Q1599125
mango	Q169
leek	Q1807269
cardamon	Q14625808
caviar	Q186385
Taco	Q191655
brie cheese	Q193411
chocolate	Q195
browned brussel sprouts	Q65548270
garlic	Q21546392
tomato	Q20638126
pickled onions	Q2477614
parsley	Q65522500
Cinnamon Bun	Q254979
cinnamon	Q28165
Swedish 	Q298714
paprika	Q3127593
avocado	Q961769
cress	Q65547658
basil	Q65522654
coriander	Q65523167
cream cheese	Q426337
Turkey	Q4200953
broccoli	Q57544960
Bean salad	Q4876267
lemon	Q1093742
fried mushrooms	Q5503623
Tabbouleh	Q607690
Slider	Q3357568
marinated	Q725668
Chicken	Q864693
apple	Q89
sun-dried tomato	Q978399
Afternoon	Q283102
snack	Q749316
artichokecrème	Q65561282
avocado salsa	Q65546400
Cardamon Bun	Q609344
Cauliflower creme 	Q65561288
Chevre creme	Q65561289
chicken fillet	Q65547739
Chocolate mousse	Q1381277
cloudberry jam	Q65524341
Curry	Q1144935
Feta Cheese 	Q182760
fig jam	Q65545224
Fruit basket	Q65546963
glass noodle salad	Q65547070
grilled zucchini	Q65547904
herbs	Q207123
vegetable oil	Q4739805
lactose free	Q11874508
Lentil salad	Q65548263
marinated	Q725668
artichokes	Q23041430
Dessert	Q182940
seed	Q40763
olive creme	Q65561290
Organic 	Q380778
Pulled chicken	Q65548127
biscuits	Q13266
Raw ball	Q65554137
Red cabbage	Q263203
cole slaw	Q945475
roasted cauilflower	Q65547592
rye bread rod	Q3302944
seed cracker	Q65548218
Side dish	Q3688975
salad	Q9266
smoked paprika	Q250271
hummus	Q241987
Smoked turkey	Q65548172
Sour dough baguette	Q65547303
Soy	Q229385
Sriracha mayonnaise	Q65547428
Swedish punsch-roll	Q2253902
Sweet chili	Q65554357
sweet chili crème	Q65561301
tomato salsa	Q65547517
Vegan	Q7918273
white bean creme	Q65561340
wednesday	Q128
thursday	Q129
friday	Q130
saturday	Q131
sunday	Q132
conference	Q625994
Pre-conference	Q65549814
vegetarian	Q638022
kosher	Q191498
Ovo-lacto vegetarianism	Q3544800
halal	Q177823
